"Mobile cellular subscriptions, total number",1965,1966,1967,1968,1969,1970,1971,1972,1973,1974,1975,1976,1977,1978,1979,1980,1981,1982,1983,1984,1985,1986,1987,1988,1989,1990,1991,1992,1993,1994,1995,1996,1997,1998,1999,2000,2001,2002,2003,2004,2005,2006,2007,2008,2009,2010,2011,"tablets_sell_2009","tablets_sell_2010","tablets_sell_2011","GDP_2009","GDP_2010","GDP_2011","population2011"
Afghanistan,0,,,,,0,,,,,0,0,0,0,0,0,0,0,0,0,0,0,0,0,0,0,0,0,0,0,0,0,0,0,0,0,0,25000,200000,600000,1200000,2520366,4668096,7898909,10500000,13000000,17558265,14901,194419,514733,0,0,0,30577756
Akrotiri and Dhekelia,,,,,,,,,,,,,,,,,,,,,,,,,,,,,,,,,,,,,,,,,,,,,,,,0,0,0,0,0,0,0
Albania,0,,,,,0,,,,,0,0,0,0,0,0,0,0,0,0,0,0,0,0,0,0,0,0,0,0,0,2300,3300,5600,11008,29791,392650,851000,1100000,1259590,1530244,1909885,2322436,1859632,2463741,2692372,3100000,11961,37773,16145,4543619309,4793518372,5033194290,3192723
Algeria,0,,,,,0,,,,,0,0,0,0,0,0,0,0,0,0,0,0,0,0,0,470,4781,4781,4781,1348,4691,11700,17400,18000,72000,86000,100000,450244,1446927,4882414,13661355,20997954,27562721,27031472,32729824,32780165,35615926,61774,245362,1012118,66189522629,69565187811,70956491567,34950168
American Samoa,0,,,,,0,,,,,0,0,0,0,0,0,0,0,0,0,0,0,,,,0,0,700,900,1200,1250,1300,1400,1500,1800,1992,2156,2036,2100,2250,,,,,,,,0,0,0,0,0,0,67312
Andorra,0,,,,,0,,,,,0,0,0,0,0,0,0,0,0,0,0,0,0,0,0,0,0,770,780,784,2825,5488,8618,14117,20600,23543,29429,32790,51893,58366,64560,69004,63503,64202,64549,65495,65044,342,784,605,1524990241,1615237069,1724910619,83677
Angola,0,,,,,0,,,,,0,0,0,0,0,0,0,0,0,0,0,0,0,0,0,0,0,0,1100,1824,1994,3298,7052,9820,24000,25806,75000,140000,350000,740000,1611118,3054620,4961536,6773356,8109421,8909200,9491000,4444,112362,11859,12382535739,14643778507,17680168881,18555115
Anguilla,,,,,,,,,,,,,,,,,,,,,,,,,,,,,,,,,,,,,,,,,,,,,,,,0,0,0,0,0,0,15055
Antigua and Barbuda,0,,,,,0,,,,,0,0,0,0,0,0,0,0,0,0,0,0,0,0,,0,,,,,,1300,1400,1500,8500,22000,25000,38205,46100,54000,86000,110177,112381,136592,134925,167970,162773,881,1626,1829,945770280,985378773,1116207501,87802
Argentina,0,,,,,0,,,,,0,0,0,0,0,0,0,0,0,0,0,0,0,0,2300,12000,25000,46590,112000,241163,405395,667020,2009073,2670862,3848869,6487950,6741791,6566740,7842233,13512383,22156426,31510390,40401771,46508774,52482780,53700000,55000000,168423,334246,1625490,287258675094,313626005874,340177780212,40062470
Armenia,0,,,,,0,,,,,0,0,0,0,0,0,0,0,0,0,0,0,0,0,0,0,0,0,0,0,0,300,5000,7831,8161,17486,25504,71349,114379,203309,318044,1259762,1876411,1442000,2191500,3865354,3210802,12963,61681,89539,2986190081,3400246575,3849011238,3084979
Aruba,0,,,,,0,,,,,0,0,0,0,0,0,0,0,0,0,0,0,0,0,0,0,0,20,,,1718,3000,3402,5380,12000,15000,53000,61800,69952,98389,103417,109030,113586,120806,128000,131800,,1065,231,0,0,0,0,106612
Australia,0,,,,,0,,,,,0,0,0,0,0,0,0,0,0,0,0,0,4423,31622,94529,184943,291459,497000,690000,1220000,2242000,3990000,4578000,4918000,6315000,8562000,11132000,12670000,14347000,16480000,18420000,19760000,21260000,22120000,22200000,22500000,24490000,136453,159046,715641,475578723953,489651768692,504739869397,21902300
Austria,0,,,,,0,,,,,0,0,0,0,0,0,0,0,0,0,9762,19104,26223,36904,50721,73698,115402,172453,220859,278199,383535,598708,1159700,2292900,4250393,6117000,6541000,6736000,7274000,7992000,8665000,9281000,9912000,10816000,11434000,12241000,13022578,101257,65864,236047,203850083132,208743854863,216404316585,8369639
Azerbaijan,0,,,,,0,,,,,0,0,0,0,0,0,0,0,0,0,0,0,0,0,0,0,0,0,0,500,6000,17000,40000,65000,370000,420400,730000,794200,1057100,1456523,2242000,3323500,4519000,6548000,7757120,9100113,10120105,53850,174382,114450,7853539689,9926874167,13351645755,9066604
Bahamas,0,,,,,0,,,,,0,0,0,0,0,0,0,0,0,0,0,0,0,0,0,1922,2020,2600,2401,,4100,4948,6200,8072,15911,31524,60555,121759,122228,186007,227771,252987,373999,358050,358812,428377,298790,2679,7056,4143,6643107971,6868660929,7041535773,338358
Bahrain,0,,,,,0,,,,,0,0,0,0,0,0,0,0,0,0,0,618,1712,2886,4251,5147,7354,9683,11360,17616,27600,40080,58543,92063,133468,205727,299587,388990,443109,649764,767103,907433,1115979,1440782,1401974,1567000,1693650,1504,16529,42433,9934584799,10709482414,11427017735,1169578
Bangladesh,0,,,,,0,,,,,0,0,0,0,0,0,0,0,0,0,0,0,0,0,0,0,0,250,500,1104,2500,4000,26000,75000,149000,279000,520000,1075000,1365000,2781560,9000000,19130983,34370000,44640000,52430000,68650000,85000000,454077,767778,1806904,57942340648,61393084272,65463038830,147030145
Barbados,0,,,,,0,,,,,0,0,0,0,0,0,0,0,0,0,0,0,0,0,0,0,486,796,1560,2967,4614,6283,8013,12000,20309,28467,53111,97193,140000,200138,206190,237119,257596,288662,337061,350061,347917,2412,1084,4081,2478549703,2557427999,2644872132,272750
Belarus,0,,,,,0,,,,,0,0,0,0,0,0,0,0,0,0,0,0,0,0,0,0,0,0,324,1724,5897,6548,8167,12155,23457,49353,138329,462630,1118000,2239287,4099500,5960000,6960000,8128000,9686200,10332900,10694900,45883,175562,149927,16715851678,18293979126,20123008725,9636016
Belgium,0,,,,,0,,,,,0,0,0,0,0,0,0,0,0,0,0,3798,7223,19154,30791,42880,51420,61460,67771,128071,235258,478172,974494,1756287,3186602,5629000,7697000,8101777,8605834,9131705,9604695,9847375,10738121,11341704,11775240,12154041,12540603,62216,175392,253782,247490005974,251845091555,258690550017,10660938
Belize,0,,,,,0,,,,,0,0,0,0,0,0,0,0,0,0,0,0,0,0,0,0,0,0,400,832,1547,2184,2544,3535,6591,16812,39155,51729,60403,75000,96000,118000,118314,160032,161783,194201,203050,10,2026,1798,1049766699,1081553523,1131878726,305398
Benin,0,,,,,0,,,,,0,0,0,0,0,0,0,0,0,0,0,0,0,0,0,0,0,0,0,0,1050,2707,4295,6286,7269,55476,125000,218770,236175,459322,596267,1055727,2051776,3625366,5033349,7074914,7765206,7898,96599,111432,2650301482,2727160225,2838973721,8601771
Bermuda,0,,,,,0,,,,,0,0,0,0,0,0,0,0,0,0,0,0,,,745,1112,1440,1936,3400,5127,6324,7980,10276,12572,12800,13000,13333,30000,40000,49000,52720,60100,69000,79000,85000,88200,,152,855,0,3875730341,3952316191,4174472363,64802
Bhutan,0,,,,,0,,,,,0,0,0,0,0,0,0,0,0,0,0,0,0,0,0,0,0,0,0,0,0,0,0,0,0,0,0,0,2255,19138,36000,82078,149439,253429,338938,394316,484189,2158,4319,6638,584394624,635666173,679205223,713665
Bolivia,0,,,,,0,,,,,0,0,0,0,0,0,0,0,0,0,0,0,0,0,0,0,295,1551,2659,4056,7229,33400,118433,239272,420344,582620,779917,1023333,1278844,1800789,2421402,2876143,3254410,5038600,6464390,7179293,8353273,27165,72915,192946,9363922319,9777941879,10246990606,9773441
Bosnia and Herzegovina,0,,,,,0,,,,,0,0,0,0,0,0,0,0,0,0,0,0,0,0,0,0,0,0,0,0,0,1500,9000,25181,52607,93386,444711,748780,1074790,1407441,1594367,1887820,2450425,3179036,3257239,3110233,3171283,11715,51310,8169,6679017387,7012968257,7447772288,3767683
Botswana,0,,,,,0,,,,,0,0,0,0,0,0,0,0,0,0,0,0,0,0,0,0,0,0,0,0,0,0,0,15190,92000,222190,332264,332264,444978,522840,563782,823070,1151761,1485791,1874101,2363411,2900263,1077,24095,13837,7160256353,7277848792,7651617602,1981576
Brazil,0,,,,,0,,,,,0,0,0,0,0,0,0,0,0,0,0,0,0,0,0,667,6700,32000,182000,574009,1285533,2498154,4550000,7368218,15032698,23188171,28745769,34880964,46373266,65605000,86210336,99918621,120980103,150641403,173959368,202944033,242231503,738029,262230,4907751,716959543489,739613124999,768867489436,193246610
British Virgin Islands,,,,,,,,,,,,,,,,,,,,,,,,,,,,,,,,,,,,,,,,,,,,,,,,0,0,0,0,0,0,23007
Brunei,0,,,,,0,,,,,0,0,0,0,0,0,0,0,0,0,0,0,0,0,,1772,3025,4103,8304,15623,35881,43524,45000,49129,66000,95000,143004,153647,177365,202454,232900,301400,366138,398857,412882,435104,443161,4122,210,2559,6623797619,6649465293,6941890187,391837
Bulgaria,0,,,,,0,,,,,0,0,0,0,0,0,0,0,0,0,0,0,0,0,0,0,0,0,1000,6500,20920,26588,70000,127000,350000,738000,1550000,2597548,3500869,4729731,6244922,8253416,9897477,10429012,10454822,10199942,10475083,23757,27245,312103,15839807530,16846951092,17952499282,7542674
Burkina Faso,0,,,,,0,,,,,0,0,0,0,0,0,0,0,0,0,0,0,0,0,0,0,0,0,0,0,0,525,1503,2730,5036,25245,76186,111013,238094,395939,633554,1016605,1858038,3024150,3823625,5707850,7682100,22019,104619,192465,3295911699,3581061359,3823420769,15984479
Burundi,0,,,,,0,,,,,0,0,0,0,0,0,0,0,0,0,0,0,0,0,0,0,0,0,353,378,564,561,619,620,800,16320,33416,52000,64000,100560,153000,200000,270000,480584,838414,1150500,1240000,1327,5936,29825,922031253,930329534,980424592,8170853
Cambodia,0,,,,,0,,,,,0,0,0,0,0,0,0,0,0,0,0,0,0,0,0,0,0,0,4810,10239,14100,23098,33556,61345,89117,130547,223458,380000,498388,861500,1062000,1721650,2583318,4237000,6268000,8150764,10000000,8705,78923,16820,5042604253,5710753630,6325863882,13977903
Cameroon,0,,,,,0,,,,,0,0,0,0,0,0,0,0,0,0,0,0,0,0,0,0,0,0,0,1600,2800,3500,4200,5000,6000,103279,417295,701507,1077000,1530868,2252508,3135946,4536000,6160893,8004120,8636652,10486614,22290,77216,310085,11815245845,12086601214,12476049222,19175028
Canada,0,,,,,0,,,,,0,0,0,0,0,0,0,0,0,0,12000,60000,98364,202633,345178,583766,775831,1026611,1332982,1865779,2589780,3497779,4195000,5346000,6911038,8727000,10649000,11872000,13291000,15020000,17016600,18749100,20277400,22092500,23811900,24037372,25858318,19052,387560,474548,797853728386,821941389978,845145064427,33675448
Cape Verde,0,,,,,0,,,,,0,0,0,0,0,0,0,0,0,0,0,0,0,0,0,0,0,0,0,0,0,0,20,1020,8068,19729,31507,42949,53342,65780,81721,108858,152212,277670,290621,371871,396429,226,5670,6807,657771851,700664444,771724177,491621
Cayman Islands,0,,,,,0,,,,,0,0,0,0,0,0,0,0,0,0,0,0,,,,0,559,988,1260,1813,2534,,4109,5170,8410,10700,17000,19000,21040,33800,80945,92559,101497,98313,108699,99891,95120,1066,951,1203,0,0,0,55763
Central African Republic,0,,,,,0,,,,,0,0,0,0,0,0,0,0,0,0,0,0,0,0,0,0,0,0,0,0,44,1071,1370,1633,4162,4967,11000,12600,40000,60000,100000,110000,200000,250000,679652,979232,1123560,3022,9471,19698,892469476,913888743,948616515,#N/A
Chad,0,,,,,0,,,,,0,0,0,0,0,0,0,0,0,0,0,0,0,0,0,0,0,0,0,0,0,0,0,0,0,5500,22000,34200,65000,123000,210000,466088,918356,1600000,2281320,2875304,3665661,18137,54367,1792,2572160416,3017980987,3024016949,10937089
Channel Islands,,,,,,,,,,,,,,,,,,,,,,,,,,,,,,,,,,,,,,,,,,,,,,,,0,0,0,6052518748,6135906366,6435479684,152618
Chile,0,,,,,0,,,,,0,0,0,0,0,0,0,0,0,0,0,0,0,0,4886,13921,36136,64438,85186,115691,197314,319474,409740,964248,2260687,3401525,5100783,6244310,7268281,9261385,10569572,12450801,13955202,14796593,16450223,19852242,22399969,136595,50182,184398,87548035975,91287855656,96486092629,16955737
China,0,,,,,0,,,,,0,0,0,0,0,0,0,0,0,0,0,0,700,3227,9805,18319,47544,176943,638000,1568000,3629000,6853000,13233000,23863000,43296000,85260000,144820000,206005000,269953000,334824000,393406000,461058000,547306000,641245000,747214000,859003000,986253000,3647311,15927738,14046561,1714992269071,1908786395477,2151202267702,1334908820
Christmas Island,,,,,,,,,,,,,,,,,,,,,,,,,,,,,,,,,,,,,,,,,,,,,,,,0,0,0,0,0,0,0
Cocos Island,,,,,,,,,,,,,,,,,,,,,,,,,,,,,,,,,,,,,,,,,,,,,,,,0,0,0,0,0,0,0
Colombia,0,,,,,0,,,,,0,0,0,0,0,0,0,0,0,0,0,0,0,0,0,0,0,0,0,86805,274590,522857,1264763,1800229,1966535,2256801,3265261,4596594,6186206,10400578,21849993,29762715,33941118,41364753,42159613,44477653,46200421,366136,31171,928337,114498365688,119887295312,127916765207,45654044
Comoros,0,,,,,0,,,,,0,0,0,0,0,0,0,0,0,0,0,0,0,0,0,0,0,0,0,0,0,0,0,0,0,0,0,0,2000,8378,15523,36877,62104,91741,122596,165278,216438,90,234,3751,222121733,231517229,234393021,715774
Congo Dem. Rep.,0,,,,,0,,,,,0,0,0,0,0,0,0,0,0,0,0,0,0,0,0,0,0,,,,8500,7200,8900,10000,12000,15000,150000,560000,1246225,1990722,2746094,4415470,6592000,9937622,9458557,11820348,15673123,52679,59517,229455,4920560759,5303776065,5599793442,64204304
Congo Rep.,0,,,,,0,,,,,0,0,0,0,0,0,0,0,0,0,0,0,0,0,0,0,0,0,0,0,0,1000,,3390,5000,70000,150000,221800,330000,383653,558192,917499,1287631,1807000,2171000,3798619,3884757,17086,14652,5210,3647299861,3931789250,4173100882,3941454
Cook Is,,,,,,,,,,,,,,,,,,,,,,,,,,,,,,,,,,,,,,,,,,,,,,,,0,0,0,0,0,0,#N/A
Costa Rica,0,,,,,0,,,,,0,0,0,0,0,0,0,0,0,0,0,0,0,0,0,0,0,3008,4533,6985,18750,46531,64387,108770,138178,211614,326944,502478,778299,923084,1101305,1443717,1508219,1886570,1950318,3035007,4358127,13929,7439,12158,18399824531,19482907711,21193436187,4590790
Cote d'Ivoire,0,,,,,0,,,,,0,0,0,0,0,0,0,0,0,0,0,0,0,0,0,0,0,0,0,0,0,13549,36000,91212,257134,472952,728545,1027058,1280696,1674332,2349439,4065421,7467708,10449036,13184308,15599044,17416379,80554,229444,107234,10287397439,10416603855,10487850374,19350026
Croatia,0,,,,,0,,,,,0,0,0,0,0,0,0,0,0,0,0,0,0,0,0,240,2019,6320,11382,21664,33688,64943,120420,182500,295000,1033000,1755000,2312600,2537300,2835500,3649700,4395200,5034582,4554777,4675017,4928352,5115140,31131,18019,152337,25666592894,26765073226,28085993743,4410864
Cuba,0,,,,,0,,,,,0,0,0,0,0,0,0,0,0,0,0,0,0,0,0,0,0,234,500,1152,1939,2427,2994,4056,5136,6536,8579,17851,35356,75797,135534,152715,198252,331736,621156,1003015,1315141,3563,12963,37638,35117199825,39050927790,43762736985,11262628
Cyprus,0,,,,,0,,,,,0,0,0,0,0,0,0,0,0,0,0,0,0,168,1348,3156,5131,9739,15288,22938,44453,70781,91968,116429,151649,218324,314355,417933,551752,658234,782503,867785,988312,1016739,977521,1034071,1090944,7794,1922,9592,10509896324,10920829406,11371347785,1090473
Czech Republic,0,,,,,0,,,,,0,0,0,0,0,0,0,0,0,0,0,0,0,0,0,0,1242,4651,14043,30429,48900,200315,526339,965476,1944553,4346009,6947151,8610177,9708683,10782567,11775878,12406199,13228631,13780165,14258404,12775068,12810000,17697,46211,232467,67312054039,71857267365,76901921232,#N/A
Czechoslovakia,,,,,,,,,,,,,,,,,,,,,,,,,,,,,,,,,,,,,,,,,,,,,,,,0,0,0,0,0,0,0
Denmark,0,,,,,0,,,,,0,0,0,0,0,0,0,7200,16100,30600,46100,57604,77432,101479,123792,148220,175943,211063,357589,503500,822264,1316592,1444016,1931101,2628585,3363552,3960165,4477752,4767100,5166912,5449206,5828157,6308000,6556988,6833683,6981000,7047000,38746,25526,44417,166317200732,170383902313,176167942355,5524874
Djibouti,0,,,,,0,,,,,0,0,0,0,0,0,0,0,0,0,0,0,0,0,0,0,0,0,0,0,0,110,203,220,280,230,3000,15000,23000,34482,44053,44817,69539,112848,128776,165613,193049,875,2510,5608,618515498,638119972,668748867,872090
Dominica,0,,,,,0,,,,,0,0,0,0,0,0,0,0,0,0,0,0,0,0,0,0,0,0,0,0,0,461,556,650,800,1200,7710,12173,23786,41838,52000,71500,89000,91000,98500,105567,111000,441,760,462,358119887,356587477,373153710,67922
Dominican Republic,0,,,,,0,,,,,0,0,0,0,0,0,0,0,0,0,0,0,,,,3166,5605,7190,10364,20990,55979,82547,141592,209384,424434,705431,1270082,1700609,2091914,2534063,3623289,4605659,5512859,7210483,8629815,8892783,8770780,49424,53434,111356,26117652335,28536865195,31582078269,#N/A
East Germany,,,,,,,,,,,,,,,,,,,,,,,,,,,,,,,,,,,,,,,,,,,,,,,,0,0,0,0,0,0,0
Ecuador,0,,,,,0,,,,,0,0,0,0,0,0,0,0,0,0,0,0,0,0,0,0,0,0,0,18920,54380,59779,126505,242812,383185,482213,859152,1560861,2398161,3544174,6246332,8485050,9939977,11684479,13241758,14780730,15332715,73304,291322,287509,19837038478,20976428515,21973124162,14261566
Egypt,0,,,,,0,,,,,0,0,0,0,0,0,0,0,0,0,0,0,2627,3021,3619,4000,4500,4913,6877,7371,7368,7369,65378,90786,480974,1359900,2793800,4494700,5797530,7643060,13629602,18001106,30093673,41286662,55352233,70661005,83425145,113199,617574,1214383,113666164952,118749025400,126876016555,79716203
El Salvador,0,,,,,0,,,,,0,0,0,0,0,0,0,0,0,0,0,0,0,0,0,0,0,0,1632,4868,13475,23270,40163,137114,511365,743628,857782,888818,1149790,1832579,2411753,3851611,6137381,6950703,7566245,7700336,7837000,34879,11700,229934,14244514235,14752019854,15329111295,6160423
Equatorial Guinea,0,,,,,0,,,,,0,0,0,0,0,0,0,0,0,0,0,0,0,0,0,0,0,0,0,0,0,61,300,297,600,5000,15000,32000,41500,61900,96900,120000,150000,180000,200000,399290,426000,1260,4014,2837,3814668806,4186550477,4239290429,681115
Eritrea,0,,,,,0,,,,,0,0,0,0,0,0,0,0,0,0,0,0,0,0,0,0,0,0,0,0,0,0,0,0,0,0,0,0,0,20000,40438,61996,84348,108631,141130,185275,241939,173,3286,4500,781506494,801558442,793870130,5097998
Eritrea and Ethiopia,,,,,,,,,,,,,,,,,,,,,,,,,,,,,,,,,,,,,,,,,,,,,,,,0,0,0,0,0,0,0
Estonia,0,,,,,0,,,,,0,0,0,0,0,0,0,0,0,0,0,0,0,0,0,0,570,2498,7224,13774,30452,69500,144200,247000,387000,557000,651200,881000,1050241,1255731,1445300,1658700,1681849,1624465,1570538,1652809,1863120,7599,1255,52673,7365818095,8017950552,8827550545,1341629
Ethiopia,0,,,,,0,,,,,0,0,0,0,0,0,0,0,0,0,0,0,0,0,0,0,0,0,0,0,0,0,0,0,6740,17757,27500,50369,51324,155534,410630,866700,1208498,1954527,4051703,6854000,14126659,31325,73954,205210,9992543572,11173546750,12384159131,81187751
Faeroe Islands,0,,,,,0,,,,,0,0,0,0,0,0,0,0,0,0,0,0,0,0,,0,1429,1718,1605,1960,2558,3265,4701,6516,10761,16971,24487,34737,38026,41298,42032,49965,52169,54860,56993,59446,,475,352,0,0,0,0,48625
Falkland Is (Malvinas),,,,,,,,,,,,,,,,,,,,,,,,,,,,,,,,,,,,,,,,,,,,,,,,0,0,0,0,0,0,#N/A
Fiji,0,,,,,0,,,,,0,0,0,0,0,0,0,0,0,0,0,0,0,0,0,0,0,0,0,1100,2200,3700,5200,8000,23380,55057,80933,89900,109882,142190,205000,284661,530048,600000,640000,697920,727000,3796,4315,11237,1885384805,1898582498,1933591137,852323
Finland,0,,,,,0,,,,,0,0,0,0,0,23482,28278,33880,42226,52010,67639,85300,105860,138160,190031,257872,319137,386021,489174,675565,1039126,1502003,2162574,2845985,3273433,3728625,4175587,4516772,4747126,4988000,5270000,5670000,6080000,6830000,7700000,8390000,8940000,51253,10434,40333,134751243781,138680670720,144797309748,5341546
France,0,,,,,0,,,,,0,0,0,0,0,0,0,0,0,0,0,9055,39234,98332,178400,283200,375000,436700,572000,883000,1302496,2462700,5817300,11210100,21433500,29052360,36997400,38585300,41702000,44544000,48088000,51662000,55358100,57972000,59600000,63200000,66300000,316436,250126,1551570,1410493938384,1436256423650,1471687515757,62444770
French Guiana,,,,,,,,,,,,,,,,,,,,,,,,,,,,,,,,,,,,,,,,,,,,,,,,0,0,0,0,0,0,225451
French Polynesia,0,,,,,0,,,,,0,0,0,0,0,0,0,0,0,0,0,0,0,0,0,0,0,0,0,0,1150,2719,5427,11060,21929,39900,67300,52250,60100,96000,120000,152000,174847,187146,208261,215890,222827,1394,2320,6129,0,0,0,267685
Gabon,0,,,,,0,,,,,0,0,0,0,0,0,0,0,0,0,0,0,0,0,0,0,0,280,1200,2581,4000,6800,9500,9694,8891,120000,150000,279289,300000,489367,736690,897987,1169000,1300000,1373000,1610000,1800000,6876,27992,24776,5361013681,5523001848,5588238866,1477514
Gambia,0,,,,,0,,,,,0,0,0,0,0,0,0,0,0,0,0,0,0,0,0,0,0,204,457,812,1442,3096,4734,5048,5307,5600,55085,100000,149300,175000,247478,404345,800371,1166136,1312874,1478347,1581000,4392,14049,47205,921232169,923671345,954571694,1681734
Georgia,0,,,,,0,,,,,0,0,0,0,0,0,0,0,0,0,0,0,0,0,0,0,0,0,0,0,150,2300,30000,60000,133243,194741,301327,503619,711224,840645,1174308,1703888,2599714,2755087,2837000,3980000,4430613,13860,21848,91279,3973376002,4354805817,4763429293,4373630
Germany,0,,,,,0,,,,,0,0,0,0,0,0,0,0,0,0,1080,23800,48747,98763,163619,272609,532251,971890,1774378,2490500,3725000,5512000,8276000,13913000,23446000,48202000,56126000,59128000,64800000,71322000,79271000,85652000,96232925,105523065,105000000,104560000,108700000,737221,573085,2615650,1930126504253,1943341224580,2015244849889,82405365
Ghana,0,,,,,0,,,,,0,0,0,0,0,0,0,0,0,0,0,0,0,0,0,0,0,400,1742,3336,6200,12766,21866,41753,70026,130045,243797,386775,795529,1695000,2874560,5207242,7604053,11570430,15108916,17436949,21165843,51649,94893,565661,6009517143,6364078886,6771379934,23824402
Gibraltar,,,,,,,,,,,,,,,,,,,,,,,,,,,,,,,,,,,,,,,,,,,,,,,,0,0,0,0,0,0,29257
Greece,0,,,,,0,,,,,0,0,0,0,0,0,0,0,0,0,0,0,0,0,0,0,0,0,48000,153000,273000,532000,937700,2047000,3904000,5932403,7963742,9314260,8936202,9324335,10260396,10979826,12294912,13799340,13295093,12292716,12127985,129707,126819,42411,148273579289,151654726496,160060884679,11326596
Greenland,0,,,,,0,,,,,0,0,0,0,0,0,0,0,0,0,0,0,0,0,0,0,0,171,438,964,2052,4122,6481,8899,13521,15114,15882,19924,29749,39033,46480,53900,66400,55816,53468,57349,58742,189,444,65,1095471068,1117156854,1167082381,57304
Grenada,0,,,,,0,,,,,0,0,0,0,0,0,0,0,0,0,0,0,0,0,0,150,147,181,282,350,400,570,976,1410,2012,4300,6414,7553,42293,43313,46858,46193,51381,60022,114424,121946,,297,105,0,517390197,579680175,568497398,104097
Guadeloupe,,,,,,,,,,,,,,,,,,,,,,,,,,,,,,,,,,,,,,,,,,,,,,,,0,0,0,0,0,0,458057
Guam,0,,,,,0,,,,,0,0,0,0,0,0,0,0,0,0,0,0,0,0,0,0,867,1301,1907,4098,4965,5803,5673,12837,20000,27200,32600,70500,79800,98000,,,,,,,,0,0,0,0,0,0,177707
Guatemala,0,,,,,0,,,,,0,0,0,0,0,0,0,0,0,0,0,0,0,0,0,293,1221,2141,2990,10462,29999,43421,64194,111445,337800,856831,1146441,1577085,2034776,3168256,4510067,7178745,11897563,14948640,17307459,18067970,20715677,1915,311129,325201,21685384121,22392362924,23597025901,14033623
Guernsey,,,,,,,,,,,,,,,,,,,,,,,,,,,,,,,,,,,,,,,,,,,,,,,,0,0,0,0,0,0,0
Guinea,0,,,,,0,,,,,0,0,0,0,0,0,0,0,0,0,0,0,0,0,0,0,0,0,42,812,950,950,2868,21567,25182,42112,55670,90772,111500,154900,189000,,2000000,2750000,3489000,4000000,4500000,15976,32703,126078,3584767429,4938241628,5061531939,9761217
Guinea-Bissau,0,,,,,0,,,,,0,0,0,0,0,0,0,0,0,0,0,0,0,0,0,0,0,0,0,0,0,0,0,0,0,0,0,0,1275,39451,98825,157330,296223,500156,560345,,401880,4434,0,10157,203714836,210770185,215273017,1484120
Guyana,0,,,,,0,,,,,0,0,0,0,0,0,0,0,0,0,0,0,0,0,0,0,0,841,1029,1251,1243,1200,1400,1454,2815,39830,75320,79400,137955,171656,281368,400000,538774,447769,513533,555397,518757,525,8128,9649,752970679,738235712,776104320,753013
Haiti,0,,,,,0,,,,,0,0,0,0,0,0,0,0,0,0,0,0,0,0,0,0,0,0,0,0,0,0,0,10000,25000,55000,91500,140000,320000,400000,500200,1200000,2500000,3200000,3648000,4000000,4200000,26110,13829,78639,3502448987,3565485817,3645815936,9864241
Holy See,,,,,,,,,,,,,,,,,,,,,,,,,,,,,,,,,,,,,,,,,,,,,,,,0,0,0,0,0,0,455
Honduras,0,,,,,0,,,,,0,0,0,0,0,0,0,0,0,0,0,0,0,0,0,0,0,0,0,0,0,2311,14427,34896,78588,155271,237629,326508,379362,707201,1281462,2240756,4184834,6210711,8390755,9505071,8062229,13819,170533,146303,8410861673,8919792791,9505547333,7449923
Hong Kong China,0,,,,,0,,,,,0,0,0,0,0,0,0,0,0,1000,4400,10000,28060,51280,89193,133912,189664,233324,290843,484823,798373,1361861,2229862,3174369,4275048,5447346,5776360,6395725,7349202,8213959,8544255,9444140,10751622,11580149,12597171,13793729,14930948,45826,213055,268004,193389645331,207085699498,221622650577,6987976
Hungary,0,,,,,0,,,,,0,0,0,0,0,0,0,0,0,0,0,0,0,0,0,2645,8477,23292,45712,143000,265000,473100,705786,1070154,1628153,3076279,4967430,6886111,7944586,8727188,9320000,9965720,11029930,12224163,11792475,12011823,11689937,77335,115026,72475,54715769280,56884939841,59101837692,10002247
Iceland,0,,,,,0,,,,,0,0,0,0,0,0,0,0,0,0,0,2642,5008,6519,7893,10010,12889,15251,17409,21845,30883,46805,65368,104280,172614,214896,248131,260438,279670,290068,283108,301922,326098,336922,339715,341077,344085,2488,5881,6309,9997746575,10720581749,11225410811,315543
India,0,,,,,0,,,,,0,0,0,0,0,0,0,0,0,0,0,0,0,0,0,0,0,0,0,0,76680,327967,881839,1195400,1884311,3577095,6540000,13000000,33690000,52220000,90140000,166050000,233620000,346890000,525090000,752190000,893862478,2062830,11412275,20981654,602602553782,658553437817,719561619358,1207740408
Indonesia,0,,,,,0,,,,,0,0,0,0,0,0,0,0,0,1750,2029,4531,6321,9008,12928,18096,24528,35546,53438,78024,210643,562517,916173,1065820,2220969,3669327,6520947,11700000,18495251,30336607,46909972,63803015,93386881,140578243,163676961,211290235,236799493,946620,260484,239836,196694488177,207891462167,219327471266,237414495
Iran,0,,,,,0,,,,,0,0,0,0,0,0,0,0,0,0,0,0,0,0,0,0,0,0,0,9200,15902,59967,238942,389974,490478,962595,2087353,2279143,3449876,5075678,8510513,15385289,29770000,43000000,52555000,54051764,56043006,22901,495302,945653,127075151562,132950350985,140786359715,73137148
Iraq,0,,,,,0,,,,,0,0,0,0,0,0,0,0,0,0,0,0,0,0,0,0,0,0,0,0,0,0,0,0,0,0,0,20000,80000,574000,1533000,9345371,14021232,17529000,20116876,23264408,25519000,120247,133377,103202,19148442340,19014403325,20193296331,30724614
Ireland,0,,,,,0,,,,,0,0,0,0,0,0,0,0,0,0,300,1500,3475,6300,13579,25000,32000,44000,61100,88000,158000,288600,545000,946000,1677000,2461000,2970000,3000000,3500000,3860000,4270000,4690135,4970719,5048127,4704497,4701474,4906352,18283,32563,133290,117781524286,124070602723,130660880329,4412181
Isle of Man,,,,,,,,,,,,,,,,,,,,,,,,,,,,,,,,,,,,,,,,,,,,,,,,0,0,0,1951273188,2066398306,2225510975,82358
Israel,,,,,,,,,,,,,,,,,,,,,,,,,,15240,23000,36104,64484,133425,445456,1047582,1672442,2147000,2880000,4400000,5500621,6300008,6618367,7221955,7757000,8403765,8902000,8982000,9022000,9111000,9200000,21017,137285,85116,131865380689,138380104308,146121402339,7260949
Italy,0,,,,,0,,,,,0,0,0,0,0,0,0,0,0,0,6415,9044,16534,33609,66070,266000,568000,783000,1207175,2240000,3923000,6422000,11737904,20489000,30296000,42246000,51246000,54200000,56770000,62750000,71500000,80418000,89801000,90341000,88024000,90600000,92300000,632208,388906,225020,1148664954779,1159362094007,1184855583062,60248654
Jamaica,0,,,,,0,,,,,0,0,0,0,0,0,0,0,0,0,0,0,0,0,0,0,2447,7628,15221,26106,45138,54640,65995,78624,144388,366952,597826,1244976,1576360,1837552,1981464,2274650,2684331,2723323,2956061,3181995,2974715,19710,39974,17291,9817160112,9918240838,10235624545,2730774
Japan,0,,,,,0,,,,,0,0,0,0,0,0,13275,19804,27198,40392,61800,95131,150773,242888,489558,868078,1378108,1712545,2131367,4331369,11712137,26906511,38253893,47307592,56845594,66784374,74819158,81118324,86655000,91474000,96484000,99826000,107339000,110394996,116295378,123287125,129868418,728780,144771,1776116,4956311889695,5020879159600,5105877836025,126551705
Jersey,,,,,,,,,,,,,,,,,,,,,,,,,,,,,,,,,,,,,,,,,,,,,,,,0,0,0,0,0,0,0
Jordan,0,,,,,0,,,,,0,0,0,0,0,0,0,0,0,0,0,0,0,0,0,1439,1462,1462,1456,1446,11840,24113,45037,82429,118417,388949,865627,1219597,1325313,1624110,3137700,4343100,4771641,5313564,6014366,6620000,7482561,55211,6028,54517,10659607238,11525306728,12459768320,6025592
Kazakhstan,0,,,,,0,,,,,0,0,0,0,0,0,0,0,0,0,0,0,0,0,0,0,0,0,0,400,4600,9798,11202,29700,49500,197300,582000,1027000,1330730,2447000,5398000,7775737,12322676,14910573,17063200,19402600,23102700,129435,359691,15270,27307999594,29956875555,33162261239,15841096
Kenya,0,,,,,0,,,,,0,0,0,0,0,0,0,0,0,0,0,0,0,0,0,0,0,1100,1162,1990,2279,2826,6767,10756,23757,127404,600000,1187122,1590785,2546157,4611970,7340317,11349412,16303573,19364559,24968891,26980771,116585,102983,67529,14327158818,15173416248,16133989515,39462188
Kiribati,0,,,,,0,,,,,0,0,0,0,0,0,0,0,0,0,0,0,0,0,0,0,0,0,0,0,0,0,0,22,200,300,395,495,526,615,650,700,750,1000,9907,10595,13788,43,160,158,74066588,74288815,75699706,98027
North Korea,0,,,,,0,,,,,0,0,0,0,0,0,0,0,0,0,0,0,0,0,0,0,0,0,0,0,0,0,0,0,0,0,0,0,0,0,0,0,0,0,69261,431919,1000000,392,3716,24004,0,0,0,#N/A
South Korea,0,,,,,0,,,,,0,0,0,0,0,0,0,0,0,,,7090,10255,20353,39718,80005,166108,271927,471784,960258,1641293,3180989,6878786,14018612,23442724,26816398,29045596,32342493,33591758,36586052,38342323,40197115,44369165,45606984,47944222,50767241,52506793,17918,973007,567550,639102209101,664392465835,698799258266,#N/A
United Korea (former),,,,,,,,,,,,,,,,,,,,,,,,,,,,,,,,,,,,,,,,,,,,,,,,0,0,0,0,0,0,#N/A
Kosovo,,,,,,,,,,,,,,,,,,,,,,,,,,,,,,,,,,,,,,,,,,,,,,,,0,0,0,2522112474,2619069795,2776213982,0
Kuwait,0,,,,,0,,,,,0,0,0,0,0,0,0,0,0,0,0,8200,14300,17500,22500,20735,43000,51000,64311,85195,117609,151063,210000,250000,300000,476000,877920,1227000,1420000,2000000,2277000,2530000,2773688,2907000,3876000,4400000,,18507,33551,0,50593450361,55956356099,58866086616,2646286
Kyrgyz Republic,0,,,,,0,,,,,0,0,0,0,0,0,0,0,0,0,0,0,0,0,0,0,0,0,0,0,0,0,0,1350,2574,9000,27000,53084,138279,263375,541652,1261757,2168329,3394016,4487123,5275477,5653000,43505,101921,70354,1652206887,1649306468,1700482777,#N/A
Lao,0,,,,,0,,,,,0,0,0,0,0,0,0,0,0,0,0,0,0,0,0,0,0,290,340,625,1539,3790,4915,6453,12078,12681,29545,55160,112275,204191,657528,1009565,1478409,2022133,3234642,4003395,5480851,22364,11876,41938,2187534747,2343015275,2544965999,#N/A
Latvia,0,,,,,0,,,,,0,0,0,0,0,0,0,0,0,0,0,0,0,0,0,0,0,1027,3800,8364,15003,28500,77100,167460,274344,401272,656835,917196,1219550,1536712,1871602,2183696,2217008,2298610,2303600,2306100,2309000,17121,27028,1192,10497533388,11610367683,13030690849,2261380
Lebanon,0,,,,,0,,,,,0,0,0,0,0,0,0,0,0,0,0,0,0,0,0,0,0,0,0,0,120000,198000,373900,505300,627000,743000,766754,775104,795460,884445,993557,1106431,1260000,1427000,2390317,2874766,3350000,14712,33218,80667,20580683499,20786490334,20911331543,4196990
Lesotho,0,,,,,0,,,,,0,0,0,0,0,0,0,0,0,0,0,0,0,0,0,0,0,0,0,0,0,1262,3500,9831,12000,21600,57000,137953,125950,196213,249786,357913,456000,593216,661000,987448,1051000,1761,901,2127,837801746,860460091,897523945,2149201
Liberia,0,,,,,0,,,,,0,0,0,0,0,0,0,0,0,0,0,0,0,0,0,0,0,0,0,0,0,0,0,0,0,1500,2000,5000,47250,94370,160000,280000,563000,854627,1085062,1571308,2029926,5187,5820,48216,543016606,594501950,652639709,3835929
Libya,0,,,,,0,,,,,0,0,0,0,0,0,0,0,0,0,0,0,0,0,0,0,0,0,0,0,0,0,10000,20000,30000,40000,50000,70000,127000,500000,2000000,3927562,4500000,7379115,9534091,10900000,10000000,57505,159237,114957,37771495663,41510873733,43960015284,6262667
Liechtenstein,,,,,,,,,,,,,,,,,,,,,,,,,,0,,,,,,,,7500,9000,10000,11000,11402,25000,25500,27503,28755,32013,34000,35000,35500,36970,167,172,1091,2466629164,2585719909,2809254591,35772
Lithuania,0,,,,,0,,,,,0,0,0,0,0,0,0,0,0,0,0,0,0,0,0,0,0,267,1242,4512,14795,50973,165337,267615,332000,524000,1017999,1645568,2102207,3051160,4353447,4718215,4912077,5022638,4961499,4890979,5004150,10857,50300,62790,15435325000,16639625000,17944975000,3341097
Luxembourg,0,,,,,0,,,,,0,0,0,0,0,0,0,0,0,0,40,292,375,542,665,824,1139,1120,5082,12895,26838,45000,67208,130500,209190,303274,409064,473000,539000,470000,510000,713000,684500,707000,720000,727000,764973,2335,14018,22878,22933852107,24179117583,25381346505,497637
Macao China,0,,,,,0,,,,,0,0,0,0,0,0,0,0,0,0,0,0,0,0,1356,2232,4847,10513,15135,21445,35881,44788,52845,82114,118101,141052,194475,276138,364031,432450,532758,636347,794323,932596,1037380,1122261,1353194,3371,19058,35288,9767827453,10602157500,12132224050,531195
Macedonia FYR,0,,,,,0,,,,,0,0,0,0,0,0,0,0,0,0,0,0,0,0,0,0,0,0,0,0,0,1058,12362,30087,48733,115748,223275,365346,776000,985600,1131006,1263841,1794433,1967531,1943216,2153425,2257118,442,39516,16677,3715387792,3877087656,4072129927,2056769
Madagascar,0,,,,,0,,,,,0,0,0,0,0,0,0,0,0,0,0,0,0,0,0,0,0,0,0,300,1300,2300,4100,12784,35752,63094,147500,163010,283666,333888,510269,1045888,2217612,4835239,6283799,7711721,8159599,58276,83479,7026,4148368403,4339312825,4557258852,20124150
Malawi,0,,,,,0,,,,,0,0,0,0,0,0,0,0,0,0,0,0,0,0,0,0,0,0,0,0,382,3700,7000,10500,22500,49000,55730,86047,135114,222135,421163,620163,1050852,1507684,2485646,3117364,3855760,5018,46346,104612,1875372277,1924131956,2072290116,14442290
Malaysia,0,,,,,0,,,,,0,0,0,0,0,0,0,0,0,0,,10817,17411,27302,39419,86620,130000,200573,340022,571720,1005066,1520320,2000000,2200000,2990000,5121748,7385000,9053000,11124000,14611000,19545000,19463722,23347000,27713000,30144000,33859000,36661261,206855,45257,599291,112238947368,118223684211,125138421053,27949395
Maldives,0,,,,,0,,,,,0,0,0,0,0,0,0,0,0,0,0,0,0,0,0,0,0,0,0,0,0,20,1290,1606,2926,7638,18894,41899,66466,113246,203620,271053,313539,435627,457770,494351,530449,1092,5756,12638,877061584,817106994,977140736,311739
Mali,0,,,,,0,,,,,0,0,0,0,0,0,0,0,0,0,0,0,0,0,0,0,0,0,0,0,0,1187,2842,4473,6387,10398,23997,45974,247223,406861,761986,1512948,2530891,3438568,4460543,7440383,10821930,29659,117584,196293,3105260709,3294054175,3468639046,14909813
Malta,0,,,,,0,,,,,0,0,0,0,0,0,0,0,0,0,0,0,0,0,0,0,2280,3500,5300,7500,10791,12500,17691,22531,37541,114444,239416,276859,289992,306067,323980,346771,368530,385636,422083,455579,521748,2829,4607,13898,3990731332,4137015690,4229019047,415220
Marshall Islands,0,,,,,0,,,,,0,0,0,0,0,0,0,0,0,0,0,0,0,0,0,0,0,0,0,280,264,365,466,345,443,447,489,552,598,644,660,1000,1500,2000,3000,3800,,20,53,0,120082818,123231361,125551289,53396
Martinique,,,,,,,,,,,,,,,,,,,,,,,,,,,,,,,,,,,,,,,,,,,,,,,,0,0,0,0,0,0,404376
Mauritania,0,,,,,0,,,,,0,0,0,0,0,0,0,0,0,0,0,0,0,0,0,0,0,0,0,0,0,0,0,0,0,15300,110463,247238,350954,522400,745615,1060122,1413967,2091992,2182249,2744978,3283371,2418,29669,96424,1488746515,1622278158,1928387628,3377630
Mauritius,0,,,,,0,,,,,0,0,0,0,0,0,0,0,0,0,0,0,0,0,0,2200,2500,2912,4037,5706,11735,20843,42515,60448,102119,180000,272416,347532,462405,547745,656828,772395,928622,1033300,1086748,1190900,1294100,2480,20205,4940,5261229604,5326541854,5536815245,1291609
Mayotte,,,,,,,,,,,,,,,,,,,,,,,,,,,,,,,,,,,,,,,,,,,,,,,,0,0,0,0,0,0,197870
Mexico,0,,,,,0,,,,,0,0,0,0,0,0,0,0,0,0,0,0,0,1500,8500,63926,160898,312647,386132,569251,688513,1021900,1740814,3349475,7731635,14077880,21757559,25928266,30097700,38451135,47128746,55395461,66559462,75303469,83193574,91362753,94565305,225698,682419,113171,617269309006,637055457596,669864782183,112033369
Micronesia Fed. Sts.,0,,,,,0,,,,,0,0,0,0,0,0,0,0,0,0,0,0,0,0,0,0,0,0,0,0,0,0,0,0,0,0,0,100,5869,12782,14094,18616,27436,27500,27500,27518,,40,365,0,234979963,239902743,240271105,110676
Moldova,0,,,,,0,,,,,0,0,0,0,0,0,0,0,0,0,0,0,0,0,0,0,0,0,0,0,14,920,2200,7000,18000,139000,225000,338225,475942,787000,1089800,1358152,1882830,2423416,2784832,3165052,3714965,1311,21031,24277,1687306011,1813877409,1900665178,3602853
Monaco,0,,,,,0,,,,,0,0,0,0,0,0,0,0,0,0,0,0,0,0,0,0,0,0,1150,2559,3005,5400,7200,11474,13080,13927,14302,14874,15081,15750,17191,18307,20400,22000,23000,23414,30400,174,86,882,2831583509,2885253733,3030940183,35377
Mongolia,0,,,,,0,,,,,0,0,0,0,0,0,0,0,0,0,0,0,0,0,0,0,0,0,0,0,0,900,2000,9032,34562,154600,195000,216000,319000,428695,557207,774900,1194583,1763178,2249023,2510470,2942313,18104,6552,18581,1451107229,1556365693,1689531996,2711659
Montenegro,,,,,,,,,,,,,,,,,,,,,,,,,,,,,,,,,,,,,,,,483766,543220,643681,703000,1158032,1294167,1170000,,1206,10473,0,1085096059,1130670093,1227907722,630435
Montserrat,,,,,,,,,,,,,,,,,,,,,,,,,,,,,,,,,,,,,,,,,,,,,,,,0,0,0,0,0,0,5895
Morocco,0,,,,,0,,,,,0,0,0,0,0,0,0,0,0,0,0,0,60,105,700,904,1500,3217,6725,13794,29511,42942,74472,116645,369174,2342000,4771739,6198670,7359870,9336878,12392805,16004731,20029300,22815694,25310761,31982279,36553943,204769,561595,599343,45835417945,47200631556,50863330782,31634524
Mozambique,0,,,,,0,,,,,0,0,0,0,0,0,0,0,0,0,0,0,0,0,0,0,0,0,0,0,0,0,2500,6725,12243,51065,152652,254759,435757,708000,1503943,2339317,3079783,4405006,5970781,7224176,7855345,7732,84133,209505,5917558733,6483607270,6893450298,22858607
Myanmar,0,,,,,0,,,,,0,0,0,0,0,0,0,0,0,0,0,0,0,0,0,0,0,0,643,1920,2766,7260,8492,8516,11389,13397,22671,47982,66517,92452,128700,214214,247641,367388,502005,594000,1243619,3999,6530,33873,0,0,0,47601374
Namibia,0,,,,,0,,,,,0,0,0,0,0,0,0,0,0,0,0,0,0,0,0,0,0,0,0,0,3500,6644,12500,19500,30000,82000,106600,150000,223671,286095,448857,608846,800270,1052000,1217000,1534528,2439281,1146,13700,23321,4849718950,4972328354,5324020759,2242078
Nauru,,,,,,,,,,,,,,,,,,,,,,,,,,,,,,,,,,,,,,,,,,,,,,,,0,0,0,0,0,0,10212
Nepal,0,,,,,0,,,,,0,0,0,0,0,0,0,0,0,0,0,0,0,0,0,0,0,0,0,0,0,0,0,0,5500,10226,17286,21881,81867,116778,227316,1157102,3268895,4200000,5597880,9195562,13354477,12013,151907,192772,6272911560,6491157510,6709559955,29432743
Netherlands,0,,,,,0,,,,,0,0,0,0,0,0,0,0,0,,4800,15300,24200,33000,56000,79000,115000,166000,216000,321000,539000,1016000,1717000,3351000,6745460,10755000,12200000,12100000,13200000,14800000,15834000,17296000,19285000,20627000,20149000,19179000,19835000,148653,51942,131878,402922644615,411168323101,425124149957,16559268
Netherlands Antilles,,,,,,,,,,,,,,,,,,,,,,,,,,,,,,,,,,,,,,,,,,,,,,,,0,0,0,0,0,0,198037
New Caledonia,0,,,,,0,,,,,0,0,0,0,0,0,0,0,0,0,0,0,0,0,0,0,0,0,0,0,825,2060,5198,13040,25450,49948,67917,80000,97113,116443,134265,155000,176350,196474,209595,220811,227310,828,1284,2953,0,0,0,246900
New Zealand,0,,,,,0,,,,,0,0,0,0,0,0,0,0,0,0,0,0,2400,10000,28900,54100,72300,100200,143800,239200,365000,492800,566200,790000,1395000,1542000,2288000,2449000,2599000,3027000,3530000,3802290,4251207,4620000,4700000,4710000,4820000,11332,23728,11034,60712724763,62717853637,63200977861,4322628
Ngorno-Karabakh,,,,,,,,,,,,,,,,,,,,,,,,,,,,,,,,,,,,,,,,,,,,,,,,0,0,0,0,0,0,0
Nicaragua,0,,,,,0,,,,,0,0,0,0,0,0,0,0,0,0,0,0,0,0,0,0,0,0,324,2183,4400,5100,7560,18310,44229,90294,164509,237248,466706,738624,1119379,1830220,2502281,3108002,3344563,3962247,4822221,15479,72994,21226,4408746006,4597552925,4788455384,5710230
Niger,0,,,,,0,,,,,0,0,0,0,0,0,0,0,0,0,0,0,0,0,0,0,0,0,0,0,0,0,98,1349,2192,2056,2126,57541,82365,172421,323853,483000,900000,1897628,2599000,3805592,4339867,4016,72529,8829,2091129432,2185230256,2311973611,14972257
Nigeria,0,,,,,0,,,,,0,0,0,0,0,0,0,0,0,0,0,0,0,0,0,0,0,0,9049,12800,13000,14000,15000,20000,25000,30000,266461,1569050,3149473,9147209,18587000,32322202,40395611,62988492,74518264,87297789,95167308,624020,200653,174836,58730834757,61902299834,65740242424,154488072
Niue,,,,,,,,,,,,,,,,,,,,,,,,,,,,,,,,,,,,,,,,,,,,,,,,0,0,0,0,0,0,1511
Norfolk Island,,,,,,,,,,,,,,,,,,,,,,,,,,,,,,,,,,,,,,,,,,,,,,,,0,0,0,0,0,0,0
Northern Cyprus,,,,,,,,,,,,,,,,,,,,,,,,,,,,,,,,,,,,,,,,,,,,,,,,0,0,0,0,0,0,0
Northern Mariana Islands,0,,,,,0,,,,,0,0,0,0,0,0,0,0,0,0,0,0,0,0,0,0,,,732,765,1200,,,,2905,3000,13200,17137,18619,20474,,,,,,,,0,0,0,0,0,0,61473
Norway,0,,,,,0,,,,,0,0,0,0,0,0,1670,11059,23473,39050,63075,87061,120029,152193,167651,196828,234423,282918,371403,588478,981305,1261445,1676763,2072000,2664000,3224000,3593000,3790000,4060829,4524750,4754453,4868916,5037650,5211207,5359640,5648673,5750000,38997,50995,98958,182897667361,187632770146,192233391607,4834002
Oman,0,,,,,0,,,,,0,0,0,0,0,0,0,0,0,0,52,747,1159,1711,2098,2730,3672,4721,5616,6751,8052,15000,53000,98000,121000,162000,323000,463000,594000,806280,1333225,1818024,2500000,3219349,3970563,4606133,4809248,36142,7217,52650,22715399600,23622652660,24921898556,2712141
Pakistan,0,,,,,0,,,,,0,0,0,0,0,0,0,0,0,0,0,0,0,0,0,2000,8500,13500,16000,24662,40964,68038,135027,196096,265614,306493,742606,1698536,2404400,5022908,12771203,34506557,62856712,88019742,94342030,99185844,108894518,667312,1827354,1924571,87637620104,94357063094,100186010330,170494367
Palau,,,,,,,,,,,,,,,,,,,,,,,,,,,,,,,,,,,,,,2458,3924,3924,6051,8346,10691,11667,12744,14512,15445,92,281,326,121315011,127987337,131826957,20346
Panama,0,,,,,0,,,,,0,0,0,0,0,0,0,0,0,0,0,0,0,0,0,0,0,0,0,0,0,7000,23474,85883,232888,410401,475141,525845,692406,1259948,1748740,2174451,3010635,3915246,6066683,6646348,7281074,40194,73475,104872,13386737514,14349415139,15573098990,3461901
Papua New Guinea,0,,,,,0,,,,,0,0,0,0,0,0,0,0,0,0,0,0,0,0,0,0,0,0,0,0,0,2285,3857,5558,7059,8560,10700,15000,17500,48311,75000,100000,300000,874000,1417546,1909078,2400000,10889,8832,48495,3685102349,3817622470,3916288942,6703361
Paraguay,0,,,,,0,,,,,0,0,0,0,0,0,0,0,0,0,0,0,0,0,0,0,0,1500,3390,7660,15807,32860,84240,231520,435611,820810,1150000,1667018,1770345,1749048,1887000,3232842,4694361,5790759,5618639,5920858,6529053,37750,16326,8713,7800472023,8023446451,8371707752,6341892
Peru,0,,,,,0,,,,,0,0,0,0,0,0,0,0,0,0,0,0,0,0,0,1650,5700,21550,36300,52200,73543,200972,421814,742642,1013314,1273857,1793284,2306943,2930343,4092558,5583356,9120000,15417247,20951834,24700361,29115149,32461415,218128,464307,480483,61251271118,65432704696,70497520780,28765162
Philippines,0,,,,,0,,,,,0,0,0,0,0,0,0,0,0,0,0,0,0,0,0,0,34600,56044,102400,171903,493862,959024,1343620,1733652,2849980,6454359,12159163,15383001,22509560,32935875,34778995,42868911,57344815,68117167,75586646,79895646,87256359,305672,1299445,1543707,96780891472,101404756761,106721360539,91703090
Pitcairn,,,,,,,,,,,,,,,,,,,,,,,,,,,,,,,,,,,,,,,,,,,,,,,,0,0,0,0,0,0,0
Poland,0,,,,,0,,,,,0,0,0,0,0,0,0,0,0,0,0,0,0,0,0,0,0,2195,15699,38942,75000,216900,812200,1928042,3956500,6747000,10004661,13898471,17401222,23096065,29166391,36745454,41388774,43926365,44806632,46952111,49200000,250676,752507,437301,192404689711,199364063181,211779433442,38249228
Portugal,0,,,,,0,,,,,0,0,0,0,0,0,0,0,0,0,0,0,0,0,2782,6500,12600,37262,101300,173508,340845,663651,1506958,3074633,4671458,6664951,7977537,8670000,10002705,10571100,11447313,12226439,13477414,14049187,11795080,12210377,12284594,24711,93836,145581,121295724322,122235857829,124006192051,10657175
Puerto Rico,0,,,,,0,,,,,0,0,0,0,0,0,0,0,0,0,0,,3917,8700,11600,20369,33410,60000,95000,175000,287000,329000,367000,580000,813800,1318099,1628161,1646932,1709062,1847927,1993465,2198845,2431512,2543587,2712220,2933988,3108372,25733,36249,80764,68237156795,68800856189,68698523857,3753576
Qatar,0,,,,,0,,,,,0,0,0,0,0,0,0,,,,,,,,,3811,4057,4233,4289,11533,18469,28772,43476,65756,84365,120856,177929,266703,376535,490333,716763,919773,1264206,1429486,1948770,2186415,2302290,12100,39919,14048,24586857388,26455458550,31376173840,1597765
Reunion,,,,,,,,,,,,,,,,,,,,,,,,,,,,,,,,,,,,,,,,,,,,,,,,0,0,0,0,0,0,836137
Romania,0,,,,,0,,,,,0,0,0,0,0,0,0,0,0,0,0,0,0,0,0,0,0,0,800,2775,9068,17000,201000,643000,1355500,2499000,3845116,5110591,7039898,10215388,13354138,15991000,20400000,24470000,25100000,24400000,23400000,113676,217417,51036,46939862239,48898332853,52761301149,21537219
Russia,0,,,,,0,,,,,0,0,0,0,0,0,0,0,0,0,0,0,0,0,0,0,300,6000,10000,27744,88526,223002,484883,747160,1370630,3263200,7750499,17608756,36135135,73722222,120000000,150674000,171200000,199522340,230499533,237689224,256116581,654106,1264619,6936636,328748527632,349710148603,378223527671,143064078
Rwanda,0,,,,,0,,,,,0,0,0,0,0,0,0,0,0,0,0,0,0,0,0,0,0,0,0,0,0,0,0,5000,11000,39000,65000,82391,130720,137271,222978,314201,635137,1322637,2429252,3548761,4446194,15759,66349,74909,2293441523,2506731585,2737350891,10311275
St. Barthélemy,,,,,,,,,,,,,,,,,,,,,,,,,,,,,,,,,,,,,,,,,,,,,,,,0,0,0,#N/A,#N/A,#N/A,#N/A
St. Helena,,,,,,,,,,,,,,,,,,,,,,,,,,,,,,,,,,,,,,,,,,,,,,,,0,0,0,0,0,0,#N/A
St. Kitts and Nevis,0,,,,,0,,,,,0,0,0,0,0,0,0,0,0,0,0,0,0,0,0,0,,,,,,300,205,440,700,1200,2100,5000,22000,29000,51000,51000,64500,74500,75500,80000,,591,1536,0,424562728,448388479,473076755,#N/A
St. Lucia,0,,,,,0,,,,,0,0,0,0,0,0,0,0,0,0,0,0,0,0,0,0,,,,524,1000,1400,1600,1900,2300,2500,2700,14313,99000,101000,105656,105600,147000,175045,189738,198212,216530,979,1743,523,760216630,793196038,839865385,#N/A
St. Martin,,,,,,,,,,,,,,,,,,,,,,,,,,,,,,,,,,,,,,,,,,,,,,,,0,0,0,0,0,0,#N/A
St. Vincent and the Grenadines,0,,,,,0,,,,,0,0,0,0,0,0,0,0,0,0,0,0,0,0,0,0,,70,83,150,215,280,346,750,1420,2361,7492,9982,62911,72000,70620,87634,110491,130098,121114,131791,131809,684,1823,2716,463458929,473319265,518425050,#N/A
St.-Pierre-et-Miquelon,,,,,,,,,,,,,,,,,,,,,,,,,,,,,,,,,,,,,,,,,,,,,,,,0,0,0,0,0,0,#N/A
Samoa,0,,,,,0,,,,,0,0,0,0,0,0,0,0,0,0,0,0,0,0,0,0,0,0,0,0,0,0,766,1480,2432,2500,2500,2700,10500,16000,24000,45500,86000,124000,151000,167400,,827,1133,0,301501275,314000699,320241629,182401
San Marino,,,,,,,,,,,,,,,,,,,,,,,,,,0,,900,1300,1900,2340,2279,2350,4980,9580,14503,15854,16759,16900,17085,17150,17390,17500,24402,29949,30587,35465,145,52,1023,890665404,911330495,946461149,31359
Sao Tome and Principe,0,,,,,0,,,,,0,0,0,0,0,0,0,0,0,0,0,0,0,0,0,0,0,0,0,0,0,0,0,0,0,0,0,1980,4819,7745,11953,18424,30099,50451,64000,102730,115038,295,1259,1649,0,0,0,162515
Saudi Arabia,,,,,,,,,,,,,,,,,,,,,,,,,,14851,15331,15828,15910,15959,16008,190736,332068,627321,836628,1375881,2528640,5007965,7238224,9175764,14164184,19700000,28400000,36000000,44864355,51564375,53705808,393763,814786,267779,215004097759,226944734103,234111140403,26809105
Senegal,0,,,,,0,,,,,0,0,0,0,0,0,0,0,0,0,0,0,0,0,0,0,0,0,0,98,122,1412,6942,27487,87879,250251,301811,553449,782423,1121314,1730106,2982623,3630804,5389133,6901492,8343717,9352868,20973,25025,88009,5578711668,5892630725,6041595932,12106865
Serbia,,,,,,,,,,,,,,,,,,,,,,,,,,,,,,,,,,,,,,,,4729629,5510690,6643722,8452642,9618767,9912339,9915348,10182023,81957,60126,132973,7484445629,7888605693,8172595498,9851440
Serbia and Montenegro,,,,,,,,,,,,,,,,,,,,,,,,,,,,,,,,,,,,,,,,,,,,,,,,0,0,0,0,0,0,0
Serbia excluding Kosovo,,,,,,,,,,,,,,,,,,,,,,,,,,,,,,,,,,,,,,,,,,,,,,,,0,0,0,0,0,0,0
Seychelles,0,,,,,0,,,,,0,0,0,0,0,0,0,0,0,0,0,0,0,0,0,0,0,0,0,0,50,1043,2247,5190,16316,25961,36683,44731,49229,54369,58806,70340,77278,93476,110668,117587,126594,347,2079,618,556081329,597623469,653242423,86079
Sierra Leone,0,,,,,0,,,,,0,0,0,0,0,0,0,0,0,0,0,0,0,0,0,0,0,0,0,0,0,0,0,0,0,11940,26895,67000,113214,,,,776000,1008800,1160000,2000000,2137000,6784,35543,18868,1125375032,1206157644,1293976843,5739293
Singapore,0,,,,,0,,,,,0,0,0,0,0,0,0,0,0,,,,,10827,26295,51728,81906,120000,179000,235630,306000,431010,848600,1094700,1630800,2747400,2991600,3313000,3577000,3990700,4384600,4788600,5924100,6414800,6879800,7384600,7755200,53401,55079,26654,112788294399,121101240197,131714117434,4945645
Slovak Republic,0,,,,,0,,,,,0,0,0,0,0,0,0,0,0,0,0,0,0,0,0,0,119,1537,3125,5946,12315,28658,200140,465364,664072,1243736,2147331,2923383,3678774,4275164,4540374,4893232,6068063,5520043,5497719,5925012,5983059,44671,48319,25330,34218193031,36495488121,39541185362,5451968
Slovenia,0,,,,,0,,,,,0,0,0,0,0,0,0,0,0,0,0,0,0,0,0,0,523,3500,6500,16332,27301,41205,93611,161606,631411,1215601,1470085,1667234,1739146,1848637,1759232,1819572,1928412,2054899,2100435,2121950,2168548,15663,17318,25270,22947026192,23866572258,25262671897,2024040
Solomon Islands,0,,,,,0,,,,,0,0,0,0,0,0,0,0,0,0,0,0,0,0,0,0,0,0,0,144,230,337,658,702,1093,1151,967,999,1060,3000,6000,7000,10900,30000,50000,150000,274872,147,2668,833,434774351,458344309,490183884,524125
Somalia,0,,,,,0,,,,,0,0,0,0,0,0,0,0,0,0,0,0,0,0,0,0,0,0,0,0,0,0,0,0,0,80000,85000,100000,200000,500000,500000,550000,600000,627000,641000,648200,655000,3782,2534,13692,0,0,0,9119848
Somaliland,,,,,,,,,,,,,,,,,,,,,,,,,,,,,,,,,,,,,,,,,,,,,,,,0,0,0,0,0,0,0
South Africa,0,,,,,0,,,,,0,0,0,0,0,0,0,0,0,0,0,0,0,0,3980,5680,7100,12510,40000,340000,535000,953000,1836000,3337000,5188000,8339000,10787000,13702000,16860000,20839000,33959958,39662000,42300000,45000000,46436000,50372000,64000000,108803,868801,642620,152328632239,160367192374,169353717106,49751503
South Ossetia,,,,,,,,,,,,,,,,,,,,,,,,,,,,,,,,,,,,,,,,,,,,,,,,0,0,0,0,0,0,0
Spain,0,,,,,0,,,,,0,0,0,0,0,0,0,0,,,,1700,4200,11628,29783,54700,108451,180296,257261,411930,944955,2997645,4337696,6437444,15003708,24265059,29655729,33530997,37219839,38622582,42694115,45695061,48422470,49623339,51083880,51601028,53066828,170379,1001101,384143,657800500119,681373742384,709148044936,45638113
Sri Lanka,0,,,,,0,,,,,0,0,0,0,0,0,0,0,0,0,0,0,0,0,0,1010,1800,2644,14687,29182,51316,71029,114888,174202,256655,430202,667662,931403,1393403,2211158,3361775,5412496,7983489,11082454,16305417,17359312,18319447,33694,185888,287905,18673120685,19838649830,21359771931,20669142
Sudan,0,,,,,0,,,,,0,0,0,0,0,0,0,0,0,0,0,0,0,0,0,0,0,0,0,0,0,2200,3800,8600,13000,23000,103846,190778,527233,1048558,1827940,4683127,8218092,11991469,15339895,18093231,25107343,3363,206583,631625,15088237417,16042683061,17854598587,33537455
Suriname,0,,,,,0,,,,,0,0,0,0,0,0,0,0,0,0,0,0,0,0,0,0,0,0,1078,1382,1687,2416,2258,6007,17500,41048,87000,108363,168522,212819,232785,320000,380000,657106,763912,890000,947000,7586,6481,1796,1126695731,1178026322,1223312567,519861
Svalbard,,,,,,,,,,,,,,,,,,,,,,,,,,,,,,,,,,,,,,,,,,,,,,,,0,0,0,0,0,0,0
Swaziland,0,,,,,0,,,,,0,0,0,0,0,0,0,0,0,0,0,0,0,0,0,0,0,0,0,0,0,0,0,4700,14000,33000,55000,68000,85000,145000,200000,250000,380000,531643,664432,725802,766540,5896,11037,7213,1651311226,1691988459,1747867421,1168345
Sweden,0,,,,,0,,,,,0,0,0,0,0,0,20362,27236,36294,57914,73000,112600,173000,243000,349000,461200,568200,656000,774500,1381000,2008000,2492000,3169000,4109000,5126000,6372300,7178000,7949000,8801000,8785000,9104000,9607000,10116852,10014000,10440000,10885406,11194000,86687,41621,20071,273713195657,282364681257,294498396948,9311110
Switzerland,0,,,,,0,,,,,0,0,0,0,0,0,0,0,0,0,0,0,5475,30768,72735,125047,174557,215061,257703,332165,447167,662713,1044379,1698565,3057509,4638519,5275791,5736303,6189000,6274763,6834233,7436157,8208884,8896706,9322580,9644157,10017000,62549,121772,286815,259834269511,266695570076,276377653102,7621211
Syria,0,,,,,0,,,,,0,0,0,0,0,0,0,0,0,0,0,0,0,0,0,0,0,0,0,0,0,0,0,0,4000,30000,200000,400000,1185000,2346000,2950000,4675000,6234682,7056158,10021861,11799212,13117253,30374,118957,112813,23154259254,24589823328,25819314494,20053743
Taiwan,,,,,,,,,,,,,,,,,,,,,,,,,,,,,,,,,,,,,,,,,,,,,,,,0,0,0,0,0,0,22974000
Tajikistan,0,,,,,0,,,,,0,0,0,0,0,0,0,0,0,0,0,0,0,0,0,0,0,0,0,0,0,102,320,420,625,1160,1630,13200,47617,135000,265000,2150000,2132770,3673520,4900000,5940842,6324000,48994,14966,116977,1261012321,1393235591,1175016606,6783390
Tanzania,0,,,,,0,,,,,0,0,0,0,0,0,0,0,0,0,0,0,0,0,0,0,0,0,0,371,3500,9038,20200,37940,50950,110518,275560,606859,1298000,1942000,2964000,5609000,8252000,13006793,17469486,20983853,25666455,87243,137589,344052,13335003311,14317775888,15282420026,43524738
Thailand,0,,,,,0,,,,,0,0,0,0,0,0,0,0,0,0,0,821,5882,17563,39936,63223,123551,250584,413557,737283,1297826,1844627,2203905,1976957,2339401,3056000,7550000,10171550,21828181,27378659,31136541,40723181,52973994,61837164,65952313,71624172,78667910,66874,562596,408912,150456640790,157384716142,165400160325,68706122
Timor-Leste,,,,,,,,,,,,,,,,,,,,,,,,,,0,,,,,,,,,,,,,20058,25722,33072,49100,78215,125002,350891,600600,614151,1390,10910,4672,295700000,314100000,304215734,1099887
Togo,0,,,,,0,,,,,0,0,0,0,0,0,0,0,0,0,0,0,0,0,0,0,0,0,0,0,0,0,2995,7500,17000,50000,95000,165138,243613,332565,433635,708000,1190319,1549542,2187334,2452433,3104839,931,38157,4653,1352000397,1367959503,1423394866,5901859
Tokelau,,,,,,,,,,,,,,,,,,,,,,,,,,,,,,,,,,,,,,,,,,,,,,,,0,0,0,0,0,0,1136
Tonga,0,,,,,0,,,,,0,0,0,0,0,0,0,0,0,0,0,0,0,0,0,0,0,0,0,0,300,302,120,130,140,180,236,3354,11200,16400,29872,30051,46525,50472,53000,54300,55000,399,1048,794,210125331,208129394,208373017,103519
Transnistria,,,,,,,,,,,,,,,,,,,,,,,,,,,,,,,,,,,,,,,,,,,,,,,,0,0,0,0,0,0,0
Trinidad and Tobago,0,,,,,0,,,,,0,0,0,0,0,0,0,0,0,0,0,0,0,0,0,0,426,1277,1679,2599,6353,9534,17140,26307,38659,161860,256106,262772,336352,651189,924100,1518800,1509800,1806120,1846345,1894240,1825200,15883,32105,7520,11320593595,11973198489,13553660689,1336349
Tunisia,0,,,,,0,,,,,0,0,0,0,0,0,0,0,0,0,,,224,401,636,953,1239,1974,2269,2709,3185,6500,7656,38998,55258,119165,389208,574334,1917530,3735695,5680726,7339047,7842619,8602164,9797026,11114206,12387656,37954,99059,328823,25589278230,26612888891,28117653870,10365089
Turkey,0,,,,,0,,,,,0,0,0,0,0,0,0,0,0,0,0,365,5101,9846,15606,31809,47828,61395,84187,174779,437130,806339,1609809,3506127,8121517,16133405,19572897,23323118,27887535,34707549,43608965,52662700,61975807,65824110,62779554,61769635,65321745,585354,881055,38328,307228800117,333040988667,355999132580,71846212
Turkmenistan,0,,,,,0,,,,,0,0,0,0,0,0,0,0,0,0,0,0,0,0,0,0,0,0,0,0,0,0,2500,3000,4000,7500,8173,8173,9187,50100,105000,216868,381670,1135150,2132890,3197624,3511000,5212,59291,53167,5559183156,6281876966,6998010941,4979672
Turks and Caicos Islands,,,,,,,,,,,,,,,,,,,,,,,,,,,,,,,,,,,,,,,,,,,,,,,,0,0,0,0,0,0,37271
Tuvalu,0,,,,,0,,,,,0,0,0,0,0,0,0,0,0,0,0,0,0,0,0,0,0,0,0,0,0,0,0,0,0,0,0,0,0,500,1300,1600,1800,,1000,1600,2130,1,32,45,15905983,15253888,15648727,9806
Uganda,0,,,,,0,,,,,0,0,0,0,0,0,0,0,0,0,0,0,0,0,0,0,0,0,0,0,1747,4000,5000,30000,56358,126913,283520,393310,776169,1165035,1315300,2008818,4195278,8554864,9383734,12828264,16696992,93069,151497,146784,8055045270,8565136257,9488864309,32367909
Ukraine,0,,,,,0,,,,,0,0,0,0,0,0,0,0,0,0,0,0,0,0,0,0,0,0,65,5000,14000,30000,57200,115500,216567,818524,2224600,3692700,6498423,13735000,30013500,49076239,55240400,55681476,54942815,53919545,55566881,450208,966914,443518,44042453610,45231599857,48533506647,45715010
United Arab Emirates,,,,,,,,,,,,,,,,,,2330,3564,4936,7924,11191,13711,13823,24946,33578,43008,48919,70586,91488,128968,193834,309373,493278,832267,1428115,1909303,2428071,2972331,3683117,4534143,5519293,7731508,9357735,10671878,10926019,11727401,94895,56738,174867,129188651376,135460942808,148879963946,6938815
United Kingdom,0,,,,,0,,,,,0,0,0,0,0,0,0,0,0,0,50000,130000,290000,560000,975000,1114000,1260000,1507000,2268000,3940000,5735785,7248355,8841000,14878000,27185000,43452000,46283000,49228000,54256221,59687915,65471665,70077926,73836210,76735443,80255445,81115492,81612000,791709,1292740,228836,1667227104395,1702001557851,1746374722576,61652315
United States,0,,,,,0,,,,,0,0,0,0,0,0,,,,91600,340213,681825,1230855,2069441,3508944,5283055,7557148,11032753,16009461,24134421,33785661,44042992,55312293,69209321,86047003,109478031,128500000,141800000,160637000,184819000,203700000,229600000,249300000,261300000,274300000,278900000,331600000,2523842,3138096,4964607,10813707774621,11146296666995,11442690235793,307686729
Uruguay,0,,,,,0,,,,,0,0,0,0,0,0,0,0,0,0,0,0,0,0,0,0,0,1712,4969,6825,39904,78601,99235,151341,319131,410787,519991,513528,497530,599768,1154923,2330011,3004323,3507816,4111560,4437158,4757425,4548,82568,40956,21433558291,23032530046,23976536117,3357391
USSR,,,,,,,,,,,,,,,,,,,,,,,,,,,,,,,,,,,,,,,,,,,,,,,,0,0,0,0,0,0,0
Uzbekistan,0,,,,,0,,,,,0,0,0,0,0,0,0,0,0,0,0,0,0,0,0,0,0,0,500,902,3731,9510,17232,26826,40389,53128,128012,186900,320815,544100,720000,2530365,5691458,12375274,16417914,20952000,25441789,88522,215635,268821,16734576796,17905997172,19213134965,27128063
Wallis et Futuna,,,,,,,,,,,,,,,,,,,,,,,,,,,,,,,,,,,,,,,,,,,,,,,,0,0,0,0,0,0,13698
Vanuatu,0,,,,,0,,,,,0,0,0,0,0,0,0,0,0,0,0,0,0,0,0,0,0,0,0,64,121,154,207,220,300,365,350,4900,7800,10504,12692,15000,26000,36000,126452,285300,,508,5238,0,272033735,286308873,307381998,233790
Venezuela,0,,,,,0,,,,,0,0,0,0,0,0,0,0,0,0,0,0,0,1800,3685,7422,16600,78560,182600,319000,403800,581700,1071900,2009757,3784735,5447172,6472584,6541894,7015121,8420980,12495721,18789466,23820133,27414377,28123570,27880132,28781999,102894,460828,551622,120458247112,132887025220,146005830495,28519913
West Bank and Gaza,,,,,,,,,,,,,,,,,,,,,,,,,,0,,0,0,0,,,,,,7076,175941,251602,264091,436628,567584,821800,1021481,1314406,1800000,,,13652,0,0,3552819407,3775940953,0,3930672
West Germany,,,,,,,,,,,,,,,,,,,,,,,,,,,,,,,,,,,,,,,,,,,,,,,,0,0,0,0,0,0,0
Western Sahara,,,,,,,,,,,,,,,,,,,,,,,,,,,,,,,,,,,,,,,,,,,,,,,,0,0,0,0,0,0,513367
Vietnam,0,,,,,0,,,,,0,0,0,0,0,0,0,0,0,0,0,0,0,0,0,0,0,800,4060,12500,23500,68910,160457,222700,328671,788559,1251195,1902388,2742000,4960000,9593200,18892480,45024048,74872310,98223980,111570201,127318045,827150,1051532,275915,41283942096,44769045610,48453031029,86901173
Virgin Islands (U.S.),0,,,,,0,,,,,0,0,0,0,0,0,0,0,0,0,0,0,0,0,0,0,,,,,,,16000,25000,30000,35000,41000,45150,49300,64200,80300,,,,,,,0,0,0,0,0,0,109216
North Yemen (former),,,,,,,,,,,,,,,,,,,,,,,,,,,,,,,,,,,,,,,,,,,,,,,,0,0,0,0,0,0,#N/A
South Yemen (former),,,,,,,,,,,,,,,,,,,,,,,,,,,,,,,,,,,,,,,,,,,,,,,,0,0,0,0,0,0,#N/A
Yemen,0,,,,,0,,,,,0,0,0,0,0,0,0,0,0,0,0,0,0,0,0,0,0,1550,5170,8191,8250,8810,12245,16146,27677,32042,147837,486667,675162,1476000,2277559,2977781,4349000,6445000,8313000,11085000,11668000,49091,157111,197147,11214608928,11841701606,12217132024,#N/A
Yugoslavia,,,,,,,,,,,,,,,,,,,,,,,,,,,,,,,,,,,,,,,,,,,,,,,,0,0,0,0,0,0,0
Zambia,0,,,,,0,,,,,0,0,0,0,0,0,0,0,0,0,0,0,0,0,0,0,0,0,0,0,1547,2721,4550,8260,28190,98853,121200,139092,241000,464354,949559,1663328,2639026,3539003,4406682,5446991,8164553,12576,2945,198387,3885776053,4093330085,4348147615,12723746
Zimbabwe,0,,,,,0,,,,,0,0,0,0,0,0,0,0,0,0,0,0,0,0,0,0,0,0,0,0,0,0,5734,19000,174000,266441,314002,338779,363651,425745,647110,849146,1225654,1654721,3991000,7700000,9200000,7016,26320,113882,4833901971,4557833784,4400064590,12473992
